{
    "transform": [
        [
            -0.031042955815792084,
            0.2996484041213989,
            -0.953544557094574,
            0.14923831820487976
        ],
        [
            0.9986240267753601,
            -0.031042955815792084,
            -0.04226568713784218,
            -0.011822715401649475
        ],
        [
            -0.04226568713784218,
            -0.953544557094574,
            -0.29827243089675903,
            0.056943126022815704
        ]
    ],
    "scale": 0.22751487147263597
}