{
    "transform": [
        [
            0.0330471433699131,
            0.013461709022521973,
            -0.999363124370575,
            -0.13565310835838318
        ],
        [
            0.9988929629325867,
            0.0330471433699131,
            0.033476751297712326,
            -0.6184274554252625
        ],
        [
            0.033476751297712326,
            -0.999363124370575,
            -0.012354731559753418,
            -0.010257753543555737
        ]
    ],
    "scale": 0.1082701450477304
}