{
    "transform": [
        [
            0.12921172380447388,
            -0.07326598465442657,
            0.9889066815376282,
            -0.03854108974337578
        ],
        [
            -0.07326598465442657,
            0.9938355684280396,
            0.08320417255163193,
            0.08949270844459534
        ],
        [
            -0.9889066815376282,
            -0.08320417255163193,
            0.12304723262786865,
            -0.015116944909095764
        ]
    ],
    "scale": 0.2176682312318091
}