{
    "transform": [
        [
            0.1690627932548523,
            -0.0790654644370079,
            0.9824288487434387,
            0.021940231323242188
        ],
        [
            -0.0790654644370079,
            0.992476761341095,
            0.09348022192716599,
            0.1412874460220337
        ],
        [
            -0.9824288487434387,
            -0.09348022192716599,
            0.1615394949913025,
            -0.024502607062458992
        ]
    ],
    "scale": 0.17758732628167137
}