{
    "transform": [
        [
            0.19602203369140625,
            -0.009938170202076435,
            0.980549156665802,
            0.04271145910024643
        ],
        [
            -0.009938170202076435,
            0.9998771548271179,
            0.012120809406042099,
            -0.04949856176972389
        ],
        [
            -0.980549156665802,
            -0.012120809406042099,
            0.1958991289138794,
            0.03990677744150162
        ]
    ],
    "scale": 0.20965582547022682
}