{
    "transform": [
        [
            -0.012079245410859585,
            0.15992969274520874,
            -0.9870545268058777,
            -0.08141885697841644
        ],
        [
            0.9998263120651245,
            -0.012079245410859585,
            -0.01419270969927311,
            0.07577896863222122
        ],
        [
            -0.01419270969927311,
            -0.9870545268058777,
            -0.15975600481033325,
            -0.04955734312534332
        ]
    ],
    "scale": 0.16365629580795557
}