{
  "experiment_name": "campanile",
  "method_name": "vanilla-nerf",
  "checkpoint": "outputs/campanile/vanilla-nerf/2023-08-01_092950/nerfstudio_models/step-000029999.ckpt",
  "results": {
    "psnr": 12.490285873413086,
    "psnr_std": 0.9736919403076172,
    "coarse_psnr": 13.43124008178711,
    "coarse_psnr_std": 1.2924154996871948,
    "fine_psnr": 12.490285873413086,
    "fine_psnr_std": 0.9736919403076172,
    "fine_ssim": 0.5802561044692993,
    "fine_ssim_std": 0.08558128029108047,
    "fine_lpips": 0.6775103807449341,
    "fine_lpips_std": 0.1396620273590088,
    "num_rays_per_sec": 12644.3125,
    "num_rays_per_sec_std": 37.84601593017578,
    "fps": 0.024391034618020058,
    "fps_std": 7.300539436982945e-05
  }
}