{
    "transform": [
        [
            0.0647544264793396,
            0.13386626541614532,
            0.988881528377533,
            0.10541007667779922
        ],
        [
            0.13386626541614532,
            0.9808390736579895,
            -0.1415434330701828,
            -0.036755453795194626
        ],
        [
            -0.988881528377533,
            0.1415434330701828,
            0.0455935001373291,
            0.18381422758102417
        ]
    ],
    "scale": 0.16955291320837884
}