{
    "transform": [
        [
            -0.22042176127433777,
            0.017737925052642822,
            -0.9752433896064758,
            -0.03198864310979843
        ],
        [
            0.950536847114563,
            -0.22042176127433777,
            -0.21884675323963165,
            0.043725162744522095
        ],
        [
            -0.21884675323963165,
            -0.9752433896064758,
            0.031725168228149414,
            -0.030619168654084206
        ]
    ],
    "scale": 0.21604052078371389
}