{
    "transform": [
        [
            -0.1932685375213623,
            -0.004524338990449905,
            0.9811354875564575,
            0.39110076427459717
        ],
        [
            -0.004524338990449905,
            0.9999828338623047,
            0.0037200257647782564,
            -0.185797318816185
        ],
        [
            -0.9811354875564575,
            -0.0037200257647782564,
            -0.19328570365905762,
            0.030898571014404297
        ]
    ],
    "scale": 0.18237837735360413
}