{
    "transform": [
        [
            0.09333312511444092,
            -0.20561891794204712,
            0.9741713404655457,
            0.3146204650402069
        ],
        [
            -0.20561891794204712,
            0.953368604183197,
            0.22092793881893158,
            0.0448109470307827
        ],
        [
            -0.9741713404655457,
            -0.22092793881893158,
            0.046701669692993164,
            0.17922349274158478
        ]
    ],
    "scale": 0.1765189715943735
}