{
    "transform": [
        [
            0.1534314602613449,
            -0.04436087608337402,
            -0.9871630668640137,
            0.11949585378170013
        ],
        [
            0.9774587154388428,
            0.1534314602613449,
            0.14502829313278198,
            0.17744140326976776
        ],
        [
            0.14502829313278198,
            -0.9871630668640137,
            0.06690216064453125,
            0.05425393953919411
        ]
    ],
    "scale": 0.18264578030864115
}