{
  "experiment_name": "poster",
  "method_name": "instant-ngp",
  "checkpoint": "outputs/poster/instant-ngp/2023-07-18_093259/nerfstudio_models/step-000029999.ckpt",
  "results": {
    "psnr": 23.193058013916016,
    "psnr_std": 5.549742221832275,
    "ssim": 0.8940532803535461,
    "ssim_std": 0.05471647530794144,
    "lpips": 0.19674943387508392,
    "lpips_std": 0.07811180502176285,
    "num_rays_per_sec": 59965.5625,
    "num_rays_per_sec_std": 6761.54248046875,
    "fps": 0.11567430943250656,
    "fps_std": 0.013043100945651531
  }
}