{
    "transform": [
        [
            -0.0018310867017135024,
            0.05049550533294678,
            -0.9987226724624634,
            0.03996109962463379
        ],
        [
            0.9999964833259583,
            -0.0018310867017135024,
            -0.0019260022090747952,
            -0.10649442672729492
        ],
        [
            -0.0019260022090747952,
            -0.9987226724624634,
            -0.05049198865890503,
            0.0027135091368108988
        ]
    ],
    "scale": 0.1824931367713465
}