{
    "transform": [
        [
            0.0861126109957695,
            -0.5124163627624512,
            -0.8544087409973145,
            -0.0076550068333745
        ],
        [
            0.9950969815254211,
            0.0861126109957695,
            0.04864756390452385,
            0.07706179469823837
        ],
        [
            0.04864756390452385,
            -0.8544087409973145,
            0.5173194408416748,
            0.025676339864730835
        ]
    ],
    "scale": 0.22024077072171566
}