{
    "transform": [
        [
            -0.033408090472221375,
            0.5192511677742004,
            -0.8539685606956482,
            -0.02985631301999092
        ],
        [
            0.9976783990859985,
            -0.033408090472221375,
            -0.059343792498111725,
            -0.07228153944015503
        ],
        [
            -0.059343792498111725,
            -0.8539685606956482,
            -0.516929566860199,
            0.05412406846880913
        ]
    ],
    "scale": 0.21935194513523737
}