{
    "transform": [
        [
            -0.0365237295627594,
            -0.18057990074157715,
            -0.9828819632530212,
            -0.030980462208390236
        ],
        [
            0.9988700747489929,
            -0.0365237295627594,
            -0.030407527461647987,
            -0.11606169492006302
        ],
        [
            -0.030407527461647987,
            -0.9828819632530212,
            0.181709885597229,
            -0.09383487701416016
        ]
    ],
    "scale": 0.21454492815004986
}