{
    "transform": [
        [
            -0.06640434265136719,
            0.024766618385910988,
            0.9974853992462158,
            -0.02205413021147251
        ],
        [
            0.024766618385910988,
            0.9994248151779175,
            -0.02316601388156414,
            -0.05899329483509064
        ],
        [
            -0.9974853992462158,
            0.02316601388156414,
            -0.06697952747344971,
            0.01025332696735859
        ]
    ],
    "scale": 0.21741039753880656
}