{
    "transform": [
        [
            -0.08369899541139603,
            0.5996062755584717,
            -0.7959062457084656,
            -0.0262106042355299
        ],
        [
            0.9825034141540527,
            -0.08369899541139603,
            -0.16637760400772095,
            0.12468057125806808
        ],
        [
            -0.16637760400772095,
            -0.7959062457084656,
            -0.5821096301078796,
            0.010166623629629612
        ]
    ],
    "scale": 0.18301330288975998
}