{
    "transform": [
        [
            0.09703609347343445,
            0.29849499464035034,
            -0.9494655132293701,
            -0.2782514691352844
        ],
        [
            0.9865774512290955,
            0.09703609347343445,
            0.13133537769317627,
            -0.2590726912021637
        ],
        [
            0.13133537769317627,
            -0.9494655132293701,
            -0.285072386264801,
            -0.11025267839431763
        ]
    ],
    "scale": 0.16604210750672868
}