{
    "transform": [
        [
            -0.015433073043823242,
            0.10470467805862427,
            0.9943836331367493,
            -0.06786642223596573
        ],
        [
            0.10470467805862427,
            0.9892035722732544,
            -0.1025342047214508,
            -0.028253722935914993
        ],
        [
            -0.9943836331367493,
            0.1025342047214508,
            -0.026229500770568848,
            -0.005263870116323233
        ]
    ],
    "scale": 0.19229801850200157
}