{
    "transform": [
        [
            0.38717472553253174,
            0.09486032277345657,
            0.9171135425567627,
            0.11318879574537277
        ],
        [
            0.09486032277345657,
            0.9853163957595825,
            -0.14196164906024933,
            -0.09984463453292847
        ],
        [
            -0.9171135425567627,
            0.14196164906024933,
            0.37249112129211426,
            0.013490919023752213
        ]
    ],
    "scale": 0.23184055566948367
}